,0,1,2,Reserve Time,Order Date
0,0.0,0.0,0.0,,
1,0.0,0.0,0.0,,
2,0.0,0.0,0.0,,
3,0.0,0.0,0.0,,
4,0.0,0.0,0.0,,
5,0.0,0.0,0.0,,
6,0.0,0.0,0.0,,
7,0.0,0.0,0.0,,
8,0.0,0.0,0.0,,
9,0.0,0.0,0.0,,
10,0.0,0.0,0.0,,
11,0.0,0.0,0.0,,
12,0.0,0.0,0.0,,
13,0.0,0.0,0.0,,
14,0.0,0.0,0.0,,
15,0.0,0.0,0.0,,
16,0.0,0.0,0.0,,
17,0.0,0.0,0.0,,
18,0.0,0.0,0.0,,
19,0.0,0.0,0.0,,
20,0.0,0.0,0.0,,
21,0.0,0.0,0.0,,
22,0.0,0.0,0.0,,
23,0.0,0.0,0.0,,
24,0.0,0.0,0.0,,
25,0.0,0.0,0.0,,
26,0.0,0.0,0.0,,
27,0.0,0.0,0.0,,
28,0.0,0.0,0.0,,
29,0.0,0.0,0.0,,
30,0.0,0.0,0.0,,
31,0.0,0.0,0.0,,
32,0.0,0.0,0.0,,
33,0.0,0.0,0.0,,
34,0.0,0.0,0.0,,
35,0.0,0.0,0.0,,
36,0.0,0.0,0.0,,
37,0.0,0.0,0.0,,
38,0.0,0.0,0.0,,
39,0.0,0.0,0.0,,
40,0.0,0.0,0.0,,
41,0.0,0.0,0.0,,
42,0.0,0.0,0.0,,
43,0.0,0.0,0.0,,
44,0.0,0.0,0.0,,
45,0.0,0.0,0.0,,
46,0.0,0.0,0.0,,
47,0.0,0.0,0.0,,
48,0.0,0.0,0.0,,
49,0.0,0.0,0.0,,
50,0.0,0.0,0.0,,
51,0.0,0.0,0.0,,
52,0.0,0.0,0.0,,
53,0.0,0.0,0.0,,
54,0.0,0.0,0.0,,
801,,,,1626462816.0,1651509410.0
803,,,,1626462600.0,1651509000.0
805,,,,1626462349.0,1651509000.0
806,,,,1626462310.0,1651509033.0
807,,,,1626462004.0,1651510742.0
808,,,,1626461948.0,1651165448.0
811,,,,1626461447.0,1651178283.0
813,,,,1626460544.0,1650904315.0
814,,,,1626460530.0,1650920160.0
815,,,,1626460530.0,1650904308.0
816,,,,1626460517.0,1650904295.0
817,,,,1626460500.0,1650904333.0
818,,,,1626460478.0,1650904200.0
819,,,,1626460477.0,1650904320.0
820,,,,1626460474.0,1650882600.0
821,,,,1626460469.0,1650904200.0
824,,,,1626459898.0,1650904320.0
826,,,,1626459840.0,1650559500.0
827,,,,1626459429.0,1650559715.0
828,,,,1626459388.0,1650559500.0
829,,,,1626459374.0,1650559800.0
830,,,,1626459356.0,1650559800.0
831,,,,1626459134.0,1650301080.0
832,,,,1626459134.0,1650299400.0
834,,,,1626459090.0,1650299885.0
835,,,,1626458740.0,1650299460.0
836,,,,1626458736.0,1650299760.0
837,,,,1626458727.0,1650299460.0
838,,,,1626458722.0,1650300723.0
839,,,,1626458631.0,1650313878.0
840,,,,1626458609.0,1650324775.0
841,,,,1626458574.0,1650318593.0
842,,,,1626458425.0,1650299465.0
843,,,,1626458398.0,1649961598.0
844,,,,1626458335.0,1649928600.0
846,,,,1626458169.0,1649954804.0
847,,,,1626457860.0,1649953869.0
848,,,,1626457833.0,1649953800.0
849,,,,1626457806.0,1649953866.0
850,,,,1626457670.0,1649694600.0
851,,,,1626457669.0,1649694689.0
852,,,,1626457667.0,1649694600.0
853,,,,1626457664.0,1649694600.0
854,,,,1626457662.0,1649694706.0
855,,,,1626457522.0,1649705617.0
857,,,,1626457286.0,1649694600.0
858,,,,1626457278.0,1649694682.0
859,,,,1626457261.0,1649694688.0
860,,,,1626457052.0,1649362467.0
861,,,,1626457052.0,1649323860.0
862,,,,1626456963.0,1649349131.0
863,,,,1626456725.0,1649349180.0
864,,,,1626456608.0,1649089800.0
865,,,,1626456519.0,1649089800.0
866,,,,1626456507.0,1649068440.0
